{"stats":{"minecraft:mined":{"minecraft:sugar_cane":4},"minecraft:custom":{"minecraft:jump":22,"minecraft:time_since_rest":8989,"minecraft:damage_dealt":20,"minecraft:crouch_one_cm":174,"minecraft:leave_game":1,"minecraft:sprint_one_cm":5341,"minecraft:play_time":8989,"minecraft:walk_on_water_one_cm":228,"minecraft:time_since_death":8989,"minecraft:walk_one_cm":4111,"minecraft:sneak_time":321,"minecraft:total_world_time":8989,"minecraft:walk_under_water_one_cm":3657,"minecraft:fall_one_cm":209,"minecraft:fly_one_cm":143520,"minecraft:horse_one_cm":186149},"minecraft:used":{"minecraft:stone":1,"minecraft:apple":3},"minecraft:picked_up":{"minecraft:sugar_cane":11}},"DataVersion":3465}