{"stats":{"minecraft:killed":{"minecraft:sheep":1},"minecraft:custom":{"minecraft:jump":92,"minecraft:time_since_rest":9570,"lootr:looted_stat":1,"minecraft:damage_dealt":84,"minecraft:crouch_one_cm":394,"minecraft:leave_game":2,"minecraft:play_time":9570,"minecraft:sprint_one_cm":15381,"minecraft:time_since_death":9570,"minecraft:walk_one_cm":6832,"minecraft:sneak_time":112,"minecraft:total_world_time":9570,"minecraft:mob_kills":1,"minecraft:fly_one_cm":180145,"minecraft:fall_one_cm":476},"minecraft:picked_up":{"rootsclassic:elderberry":1,"minecraft:mutton":1,"potionsmaster:bezoar":1,"silentgear:sinew":1,"minecraft:white_wool":1}},"DataVersion":3120}