{
  "minecraft:recipes/food/cooked_mutton_from_campfire_cooking": {
    "criteria": {
      "has_mutton": "2024-05-24 23:53:20 +0000"
    },
    "done": true
  },
  "minecraft:recipes/building_blocks/purple_wool": {
    "criteria": {
      "has_white_wool": "2024-05-24 23:53:19 +0000"
    },
    "done": true
  },
  "bambooeverything:recipes/dry_bamboo_fence": {
    "criteria": {
      "has_dry_bundle": "2024-05-24 23:53:19 +0000",
      "has_dry_bamboo": "2024-05-24 23:53:19 +0000"
    },
    "done": true
  },
  "aquaculture:recipes/aquaculture/note_hook": {
    "criteria": {
      "has_items": "2024-05-24 23:53:19 +0000"
    },
    "done": true
  },
  "naturescompass:natures_compass": {
    "criteria": {
      "has_compass": "2024-05-24 23:53:19 +0000"
    },
    "done": true
  },
  "croptopia:recipes/fruit_smoothie": {
    "criteria": {
      "has_fruit": "2024-05-25 00:07:07 +0000"
    },
    "done": true
  },
  "minecraft:recipes/decorations/white_bed": {
    "criteria": {
      "has_white_wool": "2024-05-24 23:53:19 +0000"
    },
    "done": true
  },
  "ae2wtlib:recipes/magnet_card": {
    "criteria": {
      "has_wct": "2024-05-24 23:53:19 +0000"
    },
    "done": true
  },
  "minecolonies:recipes/minecolonies/blockconstructiontape": {
    "criteria": {
      "has_wool": "2024-05-24 23:53:19 +0000"
    },
    "done": true
  },
  "bambooeverything:recipes/bamboo_door": {
    "criteria": {
      "has_bundle": "2024-05-24 23:53:19 +0000"
    },
    "done": true
  },
  "minecraft:recipes/building_blocks/magenta_wool": {
    "criteria": {
      "has_white_wool": "2024-05-24 23:53:19 +0000"
    },
    "done": true
  },
  "create:recipes/create.palettes/crafting/kinetics/light_gray_seat": {
    "criteria": {
      "has_wool": "2024-05-24 23:53:19 +0000"
    },
    "done": true
  },
  "bambooeverything:recipes/dry_bamboo_stairs": {
    "criteria": {
      "has_dry_bundle": "2024-05-24 23:53:19 +0000"
    },
    "done": true
  },
  "immersivepetroleum:recipes/immersivepetroleum/speedboat": {
    "criteria": {
      "has_the_recipe": "2024-05-24 23:52:04 +0000"
    },
    "done": true
  },
  "corail_woodcutter:recipes/from_byg_cypress_planks": {
    "criteria": {
      "has_ingredient": "2024-05-24 23:53:19 +0000"
    },
    "done": true
  },
  "corail_woodcutter:recipes/from_byg_embur_planks": {
    "criteria": {
      "has_ingredient": "2024-05-24 23:53:19 +0000"
    },
    "done": true
  },
  "create:recipes/create.palettes/crafting/kinetics/blue_seat": {
    "criteria": {
      "has_wool": "2024-05-24 23:53:19 +0000"
    },
    "done": true
  },
  "immersiveengineering:recipes/decorations/crafting/torch": {
    "criteria": {
      "has_wool": "2024-05-24 23:53:19 +0000"
    },
    "done": true
  },
  "corail_woodcutter:recipes/from_byg_cherry_planks": {
    "criteria": {
      "has_ingredient": "2024-05-24 23:53:19 +0000"
    },
    "done": true
  },
  "aquaculture:recipes/tools/golden_fishing_rod": {
    "criteria": {
      "has_vanilla_rod": "2024-05-24 23:53:19 +0000"
    },
    "done": true
  },
  "mcwfences:recipes/stone": {
    "criteria": {
      "has_stone": "2024-05-24 23:53:18 +0000"
    },
    "done": true
  },
  "aquaculture:recipes/food/cooked_fish_fillet_from_campfire": {
    "criteria": {
      "has_items": "2024-05-24 23:53:19 +0000"
    },
    "done": true
  },
  "minecraft:recipes/building_blocks/cyan_wool": {
    "criteria": {
      "has_white_wool": "2024-05-24 23:53:19 +0000"
    },
    "done": true
  },
  "lootr:1chest": {
    "criteria": {
      "opened_chest": "2024-05-25 00:08:19 +0000"
    },
    "done": true
  },
  "create:recipes/create.palettes/crafting/kinetics/yellow_seat": {
    "criteria": {
      "has_wool": "2024-05-24 23:53:18 +0000"
    },
    "done": true
  },
  "energymeter:recipes/energymeter/meter": {
    "criteria": {
      "has_item": "2024-05-24 23:53:18 +0000"
    },
    "done": true
  },
  "immersivepetroleum:recipes/immersivepetroleum/projector": {
    "criteria": {
      "has_the_recipe": "2024-05-24 23:52:04 +0000"
    },
    "done": true
  },
  "immersivepetroleum:recipes/immersivepetroleum/asphalt_stair": {
    "criteria": {
      "has_the_recipe": "2024-05-24 23:52:04 +0000"
    },
    "done": true
  },
  "mcwfences:recipes/jungle": {
    "criteria": {
      "has_jungle": "2024-05-24 23:53:19 +0000"
    },
    "done": true
  },
  "minecraft:recipes/building_blocks/gray_wool": {
    "criteria": {
      "has_white_wool": "2024-05-24 23:53:18 +0000"
    },
    "done": true
  },
  "mcwfences:recipes/oak": {
    "criteria": {
      "has_oak": "2024-05-24 23:53:19 +0000"
    },
    "done": true
  },
  "mcwfences:recipes/spruce": {
    "criteria": {
      "has_spruce": "2024-05-24 23:53:19 +0000"
    },
    "done": true
  },
  "mcwfences:recipes/hedge": {
    "criteria": {
      "has_birch": "2024-05-24 23:53:19 +0000"
    },
    "done": true
  },
  "mcwfences:recipes/end": {
    "criteria": {
      "has_end_brick": "2024-05-24 23:53:18 +0000"
    },
    "done": true
  },
  "silentgear:recipes/silentgear/dried_sinew": {
    "criteria": {
      "has_item": "2024-05-24 23:53:20 +0000"
    },
    "done": true
  },
  "aquaculture:recipes/misc/neptunium_ingot_from_nuggets": {
    "criteria": {
      "has_items": "2024-05-24 23:53:19 +0000"
    },
    "done": true
  },
  "immersivepetroleum:recipes/building_blocks/oxidized_copper_paraffin_waxed": {
    "criteria": {
      "has_the_recipe": "2024-05-24 23:52:04 +0000"
    },
    "done": true
  },
  "corail_woodcutter:recipes/from_byg_skyris_planks": {
    "criteria": {
      "has_ingredient": "2024-05-24 23:53:19 +0000"
    },
    "done": true
  },
  "immersivepetroleum:recipes/building_blocks/exposed_copper_paraffin_waxed": {
    "criteria": {
      "has_the_recipe": "2024-05-24 23:52:05 +0000"
    },
    "done": true
  },
  "corail_woodcutter:recipes/from_transformation_planks": {
    "criteria": {
      "has_ingredient": "2024-05-24 23:53:19 +0000"
    },
    "done": true
  },
  "ae2wtlib:recipes/wireless_universal_terminal/upgrade_crafting": {
    "criteria": {
      "has_wct": "2024-05-24 23:53:18 +0000"
    },
    "done": true
  },
  "ae2wtlib:recipes/wireless_universal_terminal/ae": {
    "criteria": {
      "has_wit": "2024-05-24 23:53:19 +0000",
      "has_wpt": "2024-05-24 23:53:19 +0000"
    },
    "done": true
  },
  "immersivepetroleum:recipes/immersiveengineering/toolupgrade_drill_lube": {
    "criteria": {
      "has_the_recipe": "2024-05-24 23:52:04 +0000"
    },
    "done": true
  },
  "corail_woodcutter:recipes/from_byg_palm_planks": {
    "criteria": {
      "has_ingredient": "2024-05-24 23:53:19 +0000"
    },
    "done": true
  },
  "create:recipes/create.palettes/crafting/kinetics/lime_seat": {
    "criteria": {
      "has_wool": "2024-05-24 23:53:19 +0000"
    },
    "done": true
  },
  "aquaculture:recipes/misc/gold_nugget_from_gold_fish": {
    "criteria": {
      "has_items": "2024-05-24 23:53:19 +0000"
    },
    "done": true
  },
  "naturescompass:natures_compass_sapling": {
    "criteria": {
      "has_recipe": "2024-05-24 23:53:19 +0000"
    },
    "done": true
  },
  "aquaculture:recipes/misc/gold_nugget_from_smelting": {
    "criteria": {
      "has_fishing_rod": "2024-05-24 23:53:18 +0000",
      "has_fillet_knife": "2024-05-24 23:53:19 +0000"
    },
    "done": true
  },
  "naturalist:recipes/food/cooked_egg": {
    "criteria": {
      "has_eggs": "2024-05-24 23:53:19 +0000"
    },
    "done": true
  },
  "minecraft:recipes/decorations/white_banner": {
    "criteria": {
      "has_white_wool": "2024-05-24 23:53:19 +0000"
    },
    "done": true
  },
  "aquaculture:recipes/aquaculture/worm_farm": {
    "criteria": {
      "has_items": "2024-05-24 23:53:19 +0000"
    },
    "done": true
  },
  "corail_woodcutter:recipes/from_byg_nightshade_planks": {
    "criteria": {
      "has_ingredient": "2024-05-24 23:53:19 +0000"
    },
    "done": true
  },
  "corail_woodcutter:recipes/from_canopy_planks": {
    "criteria": {
      "has_ingredient": "2024-05-24 23:53:19 +0000"
    },
    "done": true
  },
  "aquaculture:recipes/food/cooked_fish_fillet_from_smoking": {
    "criteria": {
      "has_items": "2024-05-24 23:53:19 +0000"
    },
    "done": true
  },
  "bambooeverything:recipes/bamboo_fence_gate": {
    "criteria": {
      "has_bamboo": "2024-05-24 23:53:19 +0000",
      "has_bundle": "2024-05-24 23:53:19 +0000"
    },
    "done": true
  },
  "occultism:occultism/root": {
    "criteria": {
      "occultism_present": "2024-05-24 23:52:05 +0000"
    },
    "done": true
  },
  "bambooeverything:recipes/dry_bamboo_bundle_uncrafting": {
    "criteria": {
      "has_dry_bundle": "2024-05-24 23:53:19 +0000"
    },
    "done": true
  },
  "corail_woodcutter:recipes/from_dark_planks": {
    "criteria": {
      "has_ingredient": "2024-05-24 23:53:19 +0000"
    },
    "done": true
  },
  "create:recipes/create.palettes/crafting/kinetics/white_seat": {
    "criteria": {
      "has_wool": "2024-05-24 23:53:18 +0000"
    },
    "done": true
  },
  "corail_woodcutter:recipes/from_twilight_oak_planks": {
    "criteria": {
      "has_ingredient": "2024-05-24 23:53:19 +0000"
    },
    "done": true
  },
  "minecraft:recipes/food/cooked_mutton_from_grill_cooking": {
    "criteria": {
      "has_mutton": "2024-05-24 23:53:20 +0000"
    },
    "done": true
  },
  "immersivepetroleum:recipes/immersivepetroleum/asphalt": {
    "criteria": {
      "has_the_recipe": "2024-05-24 23:52:04 +0000"
    },
    "done": true
  },
  "cfm:recipes/cfm/white_sofa": {
    "criteria": {
      "has_wool": "2024-05-24 23:53:19 +0000"
    },
    "done": true
  },
  "aquaculture:recipes/decorations/spruce_fish_mount": {
    "criteria": {
      "has_items": "2024-05-24 23:53:19 +0000"
    },
    "done": true
  },
  "corail_woodcutter:recipes/from_byg_willow_planks": {
    "criteria": {
      "has_ingredient": "2024-05-24 23:53:19 +0000"
    },
    "done": true
  },
  "aquaculture:recipes/misc/neptunium_ingot_from_neptunium_block": {
    "criteria": {
      "has_items": "2024-05-24 23:53:19 +0000"
    },
    "done": true
  },
  "minecraft:recipes/building_blocks/blue_wool": {
    "criteria": {
      "has_white_wool": "2024-05-24 23:53:19 +0000"
    },
    "done": true
  },
  "immersivepetroleum:recipes/building_blocks/exposed_cut_copper_stairs_paraffin_waxed": {
    "criteria": {
      "has_the_recipe": "2024-05-24 23:52:04 +0000"
    },
    "done": true
  },
  "aquaculture:recipes/aquaculture/light_hook": {
    "criteria": {
      "has_items": "2024-05-24 23:53:19 +0000"
    },
    "done": true
  },
  "bambooeverything:recipes/bamboo_bundle": {
    "criteria": {
      "has_bamboo": "2024-05-24 23:53:18 +0000"
    },
    "done": true
  },
  "corail_woodcutter:recipes/from_byg_ether_planks": {
    "criteria": {
      "has_ingredient": "2024-05-24 23:53:19 +0000"
    },
    "done": true
  },
  "corail_woodcutter:recipes/from_byg_pine_planks": {
    "criteria": {
      "has_ingredient": "2024-05-24 23:53:19 +0000"
    },
    "done": true
  },
  "bambooeverything:recipes/bamboo_trapdoor": {
    "criteria": {
      "has_bundle": "2024-05-24 23:53:19 +0000"
    },
    "done": true
  },
  "minecraft:recipes/building_blocks/orange_wool": {
    "criteria": {
      "has_white_wool": "2024-05-24 23:53:19 +0000"
    },
    "done": true
  },
  "bambooeverything:recipes/dry_bamboo_trapdoor": {
    "criteria": {
      "has_dry_bundle": "2024-05-24 23:53:19 +0000"
    },
    "done": true
  },
  "create:recipes/create.palettes/crafting/kinetics/green_seat": {
    "criteria": {
      "has_wool": "2024-05-24 23:53:19 +0000"
    },
    "done": true
  },
  "immersivepetroleum:recipes/immersivepetroleum/petcoke_block_to_items": {
    "criteria": {
      "has_the_recipe": "2024-05-24 23:52:04 +0000"
    },
    "done": true
  },
  "aquaculture:recipes/misc/jellyfish_to_slimeball": {
    "criteria": {
      "has_items": "2024-05-24 23:53:18 +0000"
    },
    "done": true
  },
  "corail_woodcutter:recipes/from_byg_baobab_planks": {
    "criteria": {
      "has_ingredient": "2024-05-24 23:53:18 +0000"
    },
    "done": true
  },
  "create:recipes/create.palettes/crafting/kinetics/red_seat": {
    "criteria": {
      "has_wool": "2024-05-24 23:53:18 +0000"
    },
    "done": true
  },
  "mcwfences:recipes/nether": {
    "criteria": {
      "has_nether_brick": "2024-05-24 23:53:19 +0000"
    },
    "done": true
  },
  "immersivepetroleum:recipes/building_blocks/oxidized_cut_copper_stairs_paraffin_waxed": {
    "criteria": {
      "has_the_recipe": "2024-05-24 23:52:04 +0000"
    },
    "done": true
  },
  "immersivepetroleum:recipes/building_blocks/exposed_cut_copper_paraffin_waxed": {
    "criteria": {
      "has_the_recipe": "2024-05-24 23:52:04 +0000"
    },
    "done": true
  },
  "create:recipes/create.palettes/crafting/kinetics/purple_seat": {
    "criteria": {
      "has_wool": "2024-05-24 23:53:19 +0000"
    },
    "done": true
  },
  "aquaculture:recipes/tools/diamond_fishing_rod": {
    "criteria": {
      "has_vanilla_rod": "2024-05-24 23:53:19 +0000"
    },
    "done": true
  },
  "aquaculture:recipes/misc/red_mushroom_from_fish": {
    "criteria": {
      "has_items": "2024-05-24 23:53:19 +0000"
    },
    "done": true
  },
  "mcwfences:recipes/crimson": {
    "criteria": {
      "has_crimson": "2024-05-24 23:53:19 +0000"
    },
    "done": true
  },
  "aquaculture:recipes/tools/iron_fishing_rod": {
    "criteria": {
      "has_vanilla_rod": "2024-05-24 23:53:19 +0000"
    },
    "done": true
  },
  "minecraft:adventure/root": {
    "criteria": {
      "killed_something": "2024-05-24 23:53:18 +0000"
    },
    "done": true
  },
  "mcwfences:recipes/prismarine": {
    "criteria": {
      "has_qq": "2024-05-24 23:53:18 +0000"
    },
    "done": true
  },
  "mcwfences:recipes/bamboo": {
    "criteria": {
      "has_bamboo": "2024-05-24 23:53:19 +0000"
    },
    "done": true
  },
  "immersivepetroleum:recipes/immersivepetroleum/petcoke_items_to_block": {
    "criteria": {
      "has_the_recipe": "2024-05-24 23:52:04 +0000"
    },
    "done": true
  },
  "aquaculture:recipes/decorations/acacia_fish_mount": {
    "criteria": {
      "has_items": "2024-05-24 23:53:19 +0000"
    },
    "done": true
  },
  "aquaculture:recipes/misc/brown_mushroom_from_fish": {
    "criteria": {
      "has_items": "2024-05-24 23:53:19 +0000"
    },
    "done": true
  },
  "lootr:social": {
    "criteria": {
      "opened_chest": "2024-05-25 00:08:19 +0000"
    },
    "done": false
  },
  "bambooeverything:recipes/dry_bamboo_fence_gate": {
    "criteria": {
      "has_dry_bundle": "2024-05-24 23:53:19 +0000",
      "has_dry_bamboo": "2024-05-24 23:53:19 +0000"
    },
    "done": true
  },
  "corail_woodcutter:recipes/from_byg_cika_planks": {
    "criteria": {
      "has_ingredient": "2024-05-24 23:53:19 +0000"
    },
    "done": true
  },
  "sebastrnlib:grant_book_on_first_join": {
    "criteria": {
      "tick": "2024-05-24 23:52:05 +0000"
    },
    "done": true
  },
  "farmersdelight:main/root": {
    "criteria": {
      "seeds": "2024-05-24 23:53:19 +0000"
    },
    "done": true
  },
  "bambooeverything:recipes/bamboo_ladder": {
    "criteria": {
      "has_bamboo": "2024-05-24 23:53:19 +0000"
    },
    "done": true
  },
  "corail_woodcutter:recipes/from_byg_redwood_planks": {
    "criteria": {
      "has_ingredient": "2024-05-24 23:53:19 +0000"
    },
    "done": true
  },
  "aquaculture:recipes/misc/iron_nugget_from_blasting": {
    "criteria": {
      "has_fishing_rod": "2024-05-24 23:53:19 +0000",
      "has_fillet_knife": "2024-05-24 23:53:19 +0000"
    },
    "done": true
  },
  "aquaculture:recipes/building_blocks/planks_from_driftwood": {
    "criteria": {
      "has_items": "2024-05-24 23:53:19 +0000"
    },
    "done": true
  },
  "mcwfences:recipes/quartz": {
    "criteria": {
      "has_qq": "2024-05-24 23:53:19 +0000"
    },
    "done": true
  },
  "create:recipes/create.palettes/crafting/kinetics/light_blue_seat": {
    "criteria": {
      "has_wool": "2024-05-24 23:53:19 +0000"
    },
    "done": true
  },
  "mekanism:root": {
    "criteria": {
      "automatic": "2024-05-24 23:52:05 +0000"
    },
    "done": true
  },
  "minecraft:recipes/decorations/white_carpet": {
    "criteria": {
      "has_white_wool": "2024-05-24 23:53:19 +0000"
    },
    "done": true
  },
  "minecraft:recipes/food/cooked_mutton_from_smoking": {
    "criteria": {
      "has_mutton": "2024-05-24 23:53:20 +0000"
    },
    "done": true
  },
  "immersivepetroleum:recipes/decorations/candle": {
    "criteria": {
      "has_the_recipe": "2024-05-24 23:52:04 +0000"
    },
    "done": true
  },
  "betterdeserttemples:root": {
    "criteria": {
      "always": "2024-05-24 23:52:05 +0000"
    },
    "done": true
  },
  "create:root": {
    "criteria": {
      "0": "2024-05-24 23:53:19 +0000"
    },
    "done": true
  },
  "corail_woodcutter:recipes/from_byg_jacaranda_planks": {
    "criteria": {
      "has_ingredient": "2024-05-24 23:53:19 +0000"
    },
    "done": true
  },
  "naturescompass:natures_compass_log": {
    "criteria": {
      "has_recipe": "2024-05-24 23:53:19 +0000"
    },
    "done": true
  },
  "hexcasting:grant_patchi_book": {
    "criteria": {
      "tick": "2024-05-24 23:52:05 +0000"
    },
    "done": true
  },
  "corail_woodcutter:recipes/from_byg_maple_planks": {
    "criteria": {
      "has_ingredient": "2024-05-24 23:53:19 +0000"
    },
    "done": true
  },
  "aquaculture:recipes/aquaculture/fishing_line": {
    "criteria": {
      "has_items": "2024-05-24 23:53:19 +0000"
    },
    "done": true
  },
  "aquaculture:recipes/misc/neptinium_ingot_from_blasting": {
    "criteria": {
      "has_leggings": "2024-05-24 23:53:18 +0000",
      "has_axe": "2024-05-24 23:53:19 +0000",
      "has_helmet": "2024-05-24 23:53:19 +0000",
      "has_fishing_rod": "2024-05-24 23:53:18 +0000",
      "has_bow": "2024-05-24 23:53:19 +0000",
      "has_chestplate": "2024-05-24 23:53:18 +0000",
      "has_sword": "2024-05-24 23:53:19 +0000",
      "has_fillet_knife": "2024-05-24 23:53:19 +0000",
      "has_shovel": "2024-05-24 23:53:18 +0000",
      "has_hoe": "2024-05-24 23:53:19 +0000",
      "has_boots": "2024-05-24 23:53:19 +0000",
      "has_pickaxe": "2024-05-24 23:53:19 +0000"
    },
    "done": true
  },
  "corail_woodcutter:recipes/from_byg_witch_hazel_planks": {
    "criteria": {
      "has_ingredient": "2024-05-24 23:53:18 +0000"
    },
    "done": true
  },
  "bambooeverything:recipes/bamboo_fence": {
    "criteria": {
      "has_bamboo": "2024-05-24 23:53:19 +0000",
      "has_bundle": "2024-05-24 23:53:19 +0000"
    },
    "done": true
  },
  "immersivepetroleum:recipes/immersivepetroleum/upgrade_tank": {
    "criteria": {
      "has_the_recipe": "2024-05-24 23:52:04 +0000"
    },
    "done": true
  },
  "immersivepetroleum:recipes/immersivepetroleum/upgrade_rudders": {
    "criteria": {
      "has_the_recipe": "2024-05-24 23:52:04 +0000"
    },
    "done": true
  },
  "comforts:hammock_white": {
    "criteria": {
      "has_white_wool": "2024-05-24 23:53:18 +0000"
    },
    "done": true
  },
  "modonomicon:modonomicon/root": {
    "criteria": {
      "modonomicon_present": "2024-05-24 23:52:05 +0000"
    },
    "done": true
  },
  "minecraft:recipes/building_blocks/lime_wool": {
    "criteria": {
      "has_white_wool": "2024-05-24 23:53:19 +0000"
    },
    "done": true
  },
  "mcwfences:recipes/deepslate": {
    "criteria": {
      "has_deepslate": "2024-05-24 23:53:19 +0000"
    },
    "done": true
  },
  "aquaculture:recipes/misc/tin_can_to_iron_nugget_from_blasting": {
    "criteria": {
      "has_items": "2024-05-24 23:53:19 +0000"
    },
    "done": true
  },
  "minecraft:recipes/building_blocks/black_wool": {
    "criteria": {
      "has_white_wool": "2024-05-24 23:53:19 +0000"
    },
    "done": true
  },
  "create:recipes/create.palettes/crafting/kinetics/gray_seat": {
    "criteria": {
      "has_wool": "2024-05-24 23:53:18 +0000"
    },
    "done": true
  },
  "immersivepetroleum:recipes/immersivepetroleum/paraffin_wax_to_block": {
    "criteria": {
      "has_the_recipe": "2024-05-24 23:52:04 +0000"
    },
    "done": true
  },
  "minecraft:recipes/building_blocks/green_wool": {
    "criteria": {
      "has_white_wool": "2024-05-24 23:53:19 +0000"
    },
    "done": true
  },
  "corail_woodcutter:recipes/from_sorting_planks": {
    "criteria": {
      "has_ingredient": "2024-05-24 23:53:19 +0000"
    },
    "done": true
  },
  "minecraft:recipes/building_blocks/brown_wool": {
    "criteria": {
      "has_white_wool": "2024-05-24 23:53:19 +0000"
    },
    "done": true
  },
  "immersivepetroleum:recipes/building_blocks/weathered_copper_paraffin_waxed": {
    "criteria": {
      "has_the_recipe": "2024-05-24 23:52:04 +0000"
    },
    "done": true
  },
  "bambooeverything:recipes/dry_bamboo_ladder": {
    "criteria": {
      "has_dry_bamboo": "2024-05-24 23:53:19 +0000"
    },
    "done": true
  },
  "aquaculture:recipes/aquaculture/redstone_hook": {
    "criteria": {
      "has_items": "2024-05-24 23:53:19 +0000"
    },
    "done": true
  },
  "mcwfences:recipes/sandstone": {
    "criteria": {
      "has_sand": "2024-05-24 23:53:19 +0000"
    },
    "done": true
  },
  "mcwfences:recipes/mud_brick": {
    "criteria": {
      "has_qq": "2024-05-24 23:53:19 +0000"
    },
    "done": true
  },
  "immersivepetroleum:recipes/building_blocks/copper_block_paraffin_waxed": {
    "criteria": {
      "has_the_recipe": "2024-05-24 23:52:04 +0000"
    },
    "done": true
  },
  "farmersdelight:recipes/farmersdelight/cooking/pasta_with_mutton_chop": {
    "criteria": {
      "has_any_ingredient": "2024-05-24 23:53:20 +0000"
    },
    "done": true
  },
  "corail_woodcutter:recipes/from_byg_rainbow_eucalyptus_planks": {
    "criteria": {
      "has_ingredient": "2024-05-24 23:53:18 +0000"
    },
    "done": true
  },
  "aquaculture:recipes/food/cooked_fish_fillet": {
    "criteria": {
      "has_items": "2024-05-24 23:53:19 +0000"
    },
    "done": true
  },
  "croptopia:recipes/documentation": {
    "criteria": {
      "has_crop": "2024-05-25 00:07:07 +0000"
    },
    "done": true
  },
  "bambooeverything:recipes/dry_bamboo_slab": {
    "criteria": {
      "has_dry_bundle": "2024-05-24 23:53:19 +0000"
    },
    "done": true
  },
  "immersivepetroleum:recipes/building_blocks/oxidized_cut_copper_slab_paraffin_waxed": {
    "criteria": {
      "has_the_recipe": "2024-05-24 23:52:04 +0000"
    },
    "done": true
  },
  "minecraft:recipes/decorations/painting": {
    "criteria": {
      "has_wool": "2024-05-24 23:53:19 +0000"
    },
    "done": true
  },
  "immersivepetroleum:recipes/building_blocks/exposed_cut_copper_slab_paraffin_waxed": {
    "criteria": {
      "has_the_recipe": "2024-05-24 23:52:04 +0000"
    },
    "done": true
  },
  "undergarden:undergarden/root": {
    "criteria": {
      "tick": "2024-05-24 23:52:05 +0000"
    },
    "done": true
  },
  "bambooeverything:recipes/bamboo_bundle_uncrafting": {
    "criteria": {
      "has_bundle": "2024-05-24 23:53:19 +0000"
    },
    "done": true
  },
  "mcwfences:recipes/mangrove": {
    "criteria": {
      "has_mangrove": "2024-05-24 23:53:19 +0000"
    },
    "done": true
  },
  "mcwfences:recipes/warped": {
    "criteria": {
      "has_warped": "2024-05-24 23:53:19 +0000"
    },
    "done": true
  },
  "immersivepetroleum:recipes/building_blocks/weathered_cut_copper_slab_paraffin_waxed": {
    "criteria": {
      "has_the_recipe": "2024-05-24 23:52:04 +0000"
    },
    "done": true
  },
  "aquaculture:recipes/aquaculture/gold_hook": {
    "criteria": {
      "has_items": "2024-05-24 23:53:19 +0000"
    },
    "done": true
  },
  "immersivepetroleum:recipes/building_blocks/cut_copper_paraffin_waxed": {
    "criteria": {
      "has_the_recipe": "2024-05-24 23:52:04 +0000"
    },
    "done": true
  },
  "create:recipes/create.palettes/crafting/kinetics/cyan_seat": {
    "criteria": {
      "has_wool": "2024-05-24 23:53:19 +0000"
    },
    "done": true
  },
  "immersivepetroleum:recipes/immersivepetroleum/seismic_survey_tool": {
    "criteria": {
      "has_the_recipe": "2024-05-24 23:52:04 +0000"
    },
    "done": true
  },
  "minecraft:recipes/building_blocks/light_blue_wool": {
    "criteria": {
      "has_white_wool": "2024-05-24 23:53:19 +0000"
    },
    "done": true
  },
  "immersivepetroleum:recipes/immersivepetroleum/paraffin_wax_block_to_items": {
    "criteria": {
      "has_the_recipe": "2024-05-24 23:52:04 +0000"
    },
    "done": true
  },
  "tombstone:adventure/root": {
    "criteria": {
      "auto": "2024-05-24 23:52:06 +0000"
    },
    "done": true
  },
  "bambooeverything:recipes/dry_bamboo_bundle": {
    "criteria": {
      "has_dry_bamboo": "2024-05-24 23:53:18 +0000"
    },
    "done": true
  },
  "create:recipes/create.palettes/crafting/kinetics/brown_seat": {
    "criteria": {
      "has_wool": "2024-05-24 23:53:19 +0000"
    },
    "done": true
  },
  "create:recipes/create.palettes/crafting/kinetics/magenta_seat": {
    "criteria": {
      "has_wool": "2024-05-24 23:53:19 +0000"
    },
    "done": true
  },
  "immersivepetroleum:recipes/immersivepetroleum/auto_lubricator": {
    "criteria": {
      "has_the_recipe": "2024-05-24 23:52:04 +0000"
    },
    "done": true
  },
  "immersivepetroleum:recipes/immersivepetroleum/upgrade_paddles": {
    "criteria": {
      "has_the_recipe": "2024-05-24 23:52:04 +0000"
    },
    "done": true
  },
  "corail_woodcutter:recipes/from_mining_planks": {
    "criteria": {
      "has_ingredient": "2024-05-24 23:53:19 +0000"
    },
    "done": true
  },
  "mcwfences:recipes/birch": {
    "criteria": {
      "has_birch": "2024-05-24 23:53:19 +0000"
    },
    "done": true
  },
  "ae2wtlib:recipes/wireless_pattern_access_terminal": {
    "criteria": {
      "has_wt": "2024-05-24 23:53:19 +0000"
    },
    "done": true
  },
  "ae2wtlib:recipes/wireless_universal_terminal/upgrade_pattern_access": {
    "criteria": {
      "has_wit": "2024-05-24 23:53:19 +0000"
    },
    "done": true
  },
  "immersivepetroleum:recipes/immersivepetroleum/flarestack": {
    "criteria": {
      "has_the_recipe": "2024-05-24 23:52:04 +0000"
    },
    "done": true
  },
  "corail_woodcutter:recipes/from_mangrove_planks": {
    "criteria": {
      "has_ingredient": "2024-05-24 23:53:19 +0000"
    },
    "done": true
  },
  "aquaculture:recipes/aquaculture/diamond_hook": {
    "criteria": {
      "has_items": "2024-05-24 23:53:19 +0000"
    },
    "done": true
  },
  "create:recipes/create.palettes/crafting/kinetics/black_seat": {
    "criteria": {
      "has_wool": "2024-05-24 23:53:19 +0000"
    },
    "done": true
  },
  "immersivepetroleum:recipes/immersivepetroleum/molotov_wool": {
    "criteria": {
      "has_the_recipe": "2024-05-24 23:52:04 +0000"
    },
    "done": true
  },
  "immersivepetroleum:recipes/immersivepetroleum/molotov_fabric": {
    "criteria": {
      "has_the_recipe": "2024-05-24 23:52:05 +0000"
    },
    "done": true
  },
  "corail_woodcutter:recipes/from_byg_mangrove_planks": {
    "criteria": {
      "has_ingredient": "2024-05-24 23:53:19 +0000"
    },
    "done": true
  },
  "comforts:sleeping_bag_white": {
    "criteria": {
      "has_white_wool": "2024-05-24 23:53:19 +0000"
    },
    "done": true
  },
  "aquaculture:recipes/misc/tin_can_to_iron_nugget": {
    "criteria": {
      "has_items": "2024-05-24 23:53:19 +0000"
    },
    "done": true
  },
  "silentgear:recipes/silentgear/sinew_fiber": {
    "criteria": {
      "has_item": "2024-05-24 23:53:20 +0000"
    },
    "done": true
  },
  "immersivepetroleum:recipes/immersiveengineering/ersatz_leather": {
    "criteria": {
      "has_the_recipe": "2024-05-24 23:52:04 +0000"
    },
    "done": true
  },
  "create:recipes/create.palettes/crafting/kinetics/orange_seat": {
    "criteria": {
      "has_wool": "2024-05-24 23:53:18 +0000"
    },
    "done": true
  },
  "minecraft:recipes/building_blocks/yellow_wool": {
    "criteria": {
      "has_white_wool": "2024-05-24 23:53:19 +0000"
    },
    "done": true
  },
  "ae2wtlib:recipes/quantum_bridge_card": {
    "criteria": {
      "has_wit": "2024-05-24 23:53:19 +0000",
      "has_wpt": "2024-05-24 23:53:19 +0000",
      "has_wct": "2024-05-24 23:53:18 +0000"
    },
    "done": true
  },
  "betterdungeons:root": {
    "criteria": {
      "always": "2024-05-24 23:52:05 +0000"
    },
    "done": true
  },
  "aquaculture:recipes/food/sushi": {
    "criteria": {
      "has_alt_items": "2024-05-24 23:53:19 +0000",
      "has_items": "2024-05-24 23:53:19 +0000"
    },
    "done": true
  },
  "immersivepetroleum:recipes/building_blocks/cut_copper_stairs_paraffin_waxed": {
    "criteria": {
      "has_the_recipe": "2024-05-24 23:52:04 +0000"
    },
    "done": true
  },
  "corail_woodcutter:recipes/from_byg_lament_planks": {
    "criteria": {
      "has_ingredient": "2024-05-24 23:53:19 +0000"
    },
    "done": true
  },
  "immersivepetroleum:recipes/building_blocks/cut_copper_slab_paraffin_waxed": {
    "criteria": {
      "has_the_recipe": "2024-05-24 23:52:04 +0000"
    },
    "done": true
  },
  "corail_woodcutter:recipes/from_byg_aspen_planks": {
    "criteria": {
      "has_ingredient": "2024-05-24 23:53:19 +0000"
    },
    "done": true
  },
  "lootr:root": {
    "criteria": {
      "always_true": "2024-05-24 23:52:05 +0000"
    },
    "done": true
  },
  "immersivepetroleum:recipes/immersivepetroleum/gas_generator": {
    "criteria": {
      "has_the_recipe": "2024-05-24 23:52:05 +0000"
    },
    "done": true
  },
  "corail_woodcutter:recipes/from_byg_holly_planks": {
    "criteria": {
      "has_ingredient": "2024-05-24 23:53:19 +0000"
    },
    "done": true
  },
  "ae2wtlib:recipes/wireless_universal_terminal/upgrade_pattern_encoding": {
    "criteria": {
      "has_wpt": "2024-05-24 23:53:19 +0000"
    },
    "done": true
  },
  "byg:root": {
    "criteria": {
      "tick": "2024-05-24 23:52:05 +0000"
    },
    "done": true
  },
  "byg:adventure/oh_the_biomes_youll_go": {
    "criteria": {
      "byg:firecracker_shrubland": "2024-05-25 00:08:41 +0000",
      "byg:howling_peaks": "2024-05-25 00:08:58 +0000"
    },
    "done": false
  },
  "aquaculture:recipes/misc/iron_nugget_from_smelting": {
    "criteria": {
      "has_fishing_rod": "2024-05-24 23:53:19 +0000",
      "has_fillet_knife": "2024-05-24 23:53:19 +0000"
    },
    "done": true
  },
  "aquaculture:recipes/decorations/oak_fish_mount": {
    "criteria": {
      "has_items": "2024-05-24 23:53:19 +0000"
    },
    "done": true
  },
  "mcwfences:recipes/blackstone": {
    "criteria": {
      "has_blackstone": "2024-05-24 23:53:19 +0000"
    },
    "done": true
  },
  "bambooeverything:recipes/dry_bamboo_door": {
    "criteria": {
      "has_dry_bundle": "2024-05-24 23:53:19 +0000"
    },
    "done": true
  },
  "aquaculture:recipes/decorations/dark_oak_fish_mount": {
    "criteria": {
      "has_items": "2024-05-24 23:53:19 +0000"
    },
    "done": true
  },
  "corail_woodcutter:recipes/from_byg_sythian_planks": {
    "criteria": {
      "has_ingredient": "2024-05-24 23:53:19 +0000"
    },
    "done": true
  },
  "bambooeverything:recipes/bamboo_stairs": {
    "criteria": {
      "has_bundle": "2024-05-24 23:53:19 +0000"
    },
    "done": true
  },
  "minecraft:adventure/adventuring_time": {
    "criteria": {
      "minecraft:sunflower_plains": "2024-05-25 00:07:49 +0000",
      "minecraft:birch_forest": "2024-05-24 23:54:25 +0000",
      "minecraft:savanna_plateau": "2024-05-25 00:08:06 +0000",
      "minecraft:dark_forest": "2024-05-24 23:54:11 +0000",
      "minecraft:stony_peaks": "2024-05-25 00:08:57 +0000",
      "minecraft:river": "2024-05-24 23:54:03 +0000",
      "minecraft:forest": "2024-05-25 00:07:14 +0000",
      "minecraft:old_growth_birch_forest": "2024-05-24 23:52:06 +0000",
      "minecraft:meadow": "2024-05-24 23:54:28 +0000",
      "minecraft:savanna": "2024-05-25 00:08:11 +0000",
      "minecraft:plains": "2024-05-25 00:07:25 +0000"
    },
    "done": false
  },
  "handcrafted:recipes/misc/white_sheet": {
    "criteria": {
      "has_sheet": "2024-05-24 23:53:19 +0000"
    },
    "done": true
  },
  "corail_woodcutter:recipes/from_byg_imparius_planks": {
    "criteria": {
      "has_ingredient": "2024-05-24 23:53:19 +0000"
    },
    "done": true
  },
  "ae2wtlib:recipes/wireless_universal_terminal/ce": {
    "criteria": {
      "has_wpt": "2024-05-24 23:53:19 +0000",
      "has_wct": "2024-05-24 23:53:19 +0000"
    },
    "done": true
  },
  "solcarrot:recipes/food_book": {
    "criteria": {
      "has_book": "2024-05-24 23:53:18 +0000",
      "has_carrot": "2024-05-24 23:53:19 +0000"
    },
    "done": true
  },
  "create:recipes/create.palettes/crafting/kinetics/pink_seat": {
    "criteria": {
      "has_wool": "2024-05-24 23:53:18 +0000"
    },
    "done": true
  },
  "immersivepetroleum:recipes/immersivepetroleum/asphalt2": {
    "criteria": {
      "has_the_recipe": "2024-05-24 23:52:04 +0000"
    },
    "done": true
  },
  "corail_woodcutter:recipes/from_time_planks": {
    "criteria": {
      "has_ingredient": "2024-05-24 23:53:19 +0000"
    },
    "done": true
  },
  "corail_woodcutter:recipes/from_byg_ebony_planks": {
    "criteria": {
      "has_ingredient": "2024-05-24 23:53:19 +0000"
    },
    "done": true
  },
  "corail_woodcutter:recipes/from_byg_blue_enchanted_planks": {
    "criteria": {
      "has_ingredient": "2024-05-24 23:53:19 +0000"
    },
    "done": true
  },
  "ftbic:recipes/misc/macerating/string": {
    "criteria": {
      "has_item": "2024-05-24 23:53:19 +0000"
    },
    "done": true
  },
  "ae2wtlib:recipes/wireless_universal_terminal/ca": {
    "criteria": {
      "has_wit": "2024-05-24 23:53:19 +0000",
      "has_wct": "2024-05-24 23:53:18 +0000"
    },
    "done": true
  },
  "corail_woodcutter:recipes/from_byg_zelkova_planks": {
    "criteria": {
      "has_ingredient": "2024-05-24 23:53:19 +0000"
    },
    "done": true
  },
  "ironfurnaces:coal": {
    "criteria": {
      "rainbowcoal": "2024-05-24 23:53:19 +0000"
    },
    "done": true
  },
  "aquaculture:recipes/misc/bonemeal_from_fish_bones": {
    "criteria": {
      "has_items": "2024-05-24 23:53:19 +0000"
    },
    "done": true
  },
  "bambooeverything:recipes/bamboo_slab": {
    "criteria": {
      "has_bundle": "2024-05-24 23:53:19 +0000"
    },
    "done": true
  },
  "aquaculture:recipes/misc/gold_nugget_from_blasting": {
    "criteria": {
      "has_fishing_rod": "2024-05-24 23:53:18 +0000",
      "has_fillet_knife": "2024-05-24 23:53:19 +0000"
    },
    "done": true
  },
  "mcwfences:recipes/acacia": {
    "criteria": {
      "has_acacia": "2024-05-24 23:53:19 +0000"
    },
    "done": true
  },
  "immersivepetroleum:recipes/building_blocks/weathered_cut_copper_paraffin_waxed": {
    "criteria": {
      "has_the_recipe": "2024-05-24 23:52:04 +0000"
    },
    "done": true
  },
  "aquaculture:recipes/aquaculture/heavy_hook": {
    "criteria": {
      "has_items": "2024-05-24 23:53:19 +0000"
    },
    "done": true
  },
  "immersivepetroleum:recipes/immersivepetroleum/upgrade_icebreaker": {
    "criteria": {
      "has_the_recipe": "2024-05-24 23:52:04 +0000"
    },
    "done": true
  },
  "aquaculture:recipes/aquaculture/iron_hook": {
    "criteria": {
      "has_items": "2024-05-24 23:53:19 +0000"
    },
    "done": true
  },
  "minecraft:recipes/building_blocks/pink_wool": {
    "criteria": {
      "has_white_wool": "2024-05-24 23:53:19 +0000"
    },
    "done": true
  },
  "immersivepetroleum:recipes/building_blocks/weathered_cut_copper_stairs_paraffin_waxed": {
    "criteria": {
      "has_the_recipe": "2024-05-24 23:52:04 +0000"
    },
    "done": true
  },
  "aquaculture:recipes/aquaculture/double_hook": {
    "criteria": {
      "has_items": "2024-05-24 23:53:19 +0000"
    },
    "done": true
  },
  "dungeons_arise:wda_root": {
    "criteria": {
      "WDA": "2024-05-24 23:52:05 +0000"
    },
    "done": true
  },
  "aquaculture:recipes/decorations/jungle_fish_mount": {
    "criteria": {
      "has_items": "2024-05-24 23:53:19 +0000"
    },
    "done": true
  },
  "croptopia:recipes/croptopia.croptopia/elderberry_jam": {
    "criteria": {
      "has_elderberry": "2024-05-25 00:07:07 +0000"
    },
    "done": true
  },
  "alchemistry:recipes/dissolver/cooked_mutton": {
    "criteria": {
      "has_the_recipe": "2024-05-24 23:53:20 +0000"
    },
    "done": true
  },
  "immersivepetroleum:recipes/immersivepetroleum/oil_can": {
    "criteria": {
      "has_the_recipe": "2024-05-24 23:52:05 +0000"
    },
    "done": true
  },
  "mcwfences:recipes/dark_oak": {
    "criteria": {
      "has_dark_oak": "2024-05-24 23:53:19 +0000"
    },
    "done": true
  },
  "immersivepetroleum:recipes/building_blocks/oxidized_cut_copper_paraffin_waxed": {
    "criteria": {
      "has_the_recipe": "2024-05-24 23:52:04 +0000"
    },
    "done": true
  },
  "corail_woodcutter:recipes/from_byg_fir_planks": {
    "criteria": {
      "has_ingredient": "2024-05-24 23:53:19 +0000"
    },
    "done": true
  },
  "handcrafted:recipes/misc/white_cushion": {
    "criteria": {
      "has_cushion": "2024-05-24 23:53:19 +0000"
    },
    "done": true
  },
  "aquaculture:recipes/decorations/birch_fish_mount": {
    "criteria": {
      "has_items": "2024-05-24 23:53:19 +0000"
    },
    "done": true
  },
  "corail_woodcutter:recipes/from_byg_mahogany_planks": {
    "criteria": {
      "has_ingredient": "2024-05-24 23:53:19 +0000"
    },
    "done": true
  },
  "corail_woodcutter:recipes/from_byg_bulbis_planks": {
    "criteria": {
      "has_ingredient": "2024-05-24 23:53:19 +0000"
    },
    "done": true
  },
  "mcwroofs:recipes/awning": {
    "criteria": {
      "has_planks": "2024-05-24 23:53:18 +0000"
    },
    "done": true
  },
  "immersivepetroleum:recipes/immersivepetroleum/asphalt_slab": {
    "criteria": {
      "has_the_recipe": "2024-05-24 23:52:04 +0000"
    },
    "done": true
  },
  "aquaculture:recipes/aquaculture/bobber": {
    "criteria": {
      "has_items": "2024-05-24 23:53:18 +0000"
    },
    "done": true
  },
  "minecraft:recipes/building_blocks/light_gray_wool": {
    "criteria": {
      "has_white_wool": "2024-05-24 23:53:19 +0000"
    },
    "done": true
  },
  "byg:biomepedia_gift": {
    "criteria": {
      "tick": "2024-05-24 23:52:05 +0000"
    },
    "done": true
  },
  "minecraft:recipes/building_blocks/red_wool": {
    "criteria": {
      "has_white_wool": "2024-05-24 23:53:19 +0000"
    },
    "done": true
  },
  "immersivepetroleum:recipes/immersivepetroleum/upgrade_reinforced_hull": {
    "criteria": {
      "has_the_recipe": "2024-05-24 23:52:04 +0000"
    },
    "done": true
  },
  "minecraft:recipes/food/cooked_mutton": {
    "criteria": {
      "has_mutton": "2024-05-24 23:53:20 +0000"
    },
    "done": true
  },
  "ae2wtlib:recipes/wireless_pattern_encoding_terminal": {
    "criteria": {
      "has_wt": "2024-05-24 23:53:19 +0000"
    },
    "done": true
  },
  "corail_woodcutter:recipes/from_byg_green_enchanted_planks": {
    "criteria": {
      "has_ingredient": "2024-05-24 23:53:19 +0000"
    },
    "done": true
  },
  "repurposed_structures:root": {
    "criteria": {
      "always": "2024-05-24 23:52:05 +0000"
    },
    "done": true
  },
  "DataVersion": 3120
}